,image,True CLass,Predicted Class
0,image990.jpg,1,1
1,image1569.jpg,1,1
2,image714.jpg,1,1
3,image748.jpg,1,1
4,image1214.jpg,1,1
5,image702.jpg,1,1
6,image1304.jpg,1,0
7,image190.jpg,1,1
8,image873.jpg,1,1
9,image648.jpg,1,1
10,image999.jpg,1,1
11,image451.jpg,1,1
12,image186.jpg,1,1
13,image616.jpg,1,1
14,image769.jpg,1,1
15,image1343.jpg,1,1
16,image594.jpg,1,1
17,image914.jpg,1,1
18,image1124.jpg,1,1
19,image829.jpg,1,1
20,image1606.jpg,1,1
21,image549.jpg,1,1
22,image206.jpg,1,1
23,image1001.jpg,1,1
24,image1356.jpg,1,0
25,image912.jpg,1,1
26,image731.jpg,1,1
27,image884.jpg,1,1
28,image360.jpg,1,1
29,image93.jpg,1,1
30,image138.jpg,1,1
31,image1379.jpg,1,1
32,image763.jpg,1,1
33,image116.jpg,1,1
34,image191.jpg,1,1
35,image602.jpg,1,1
36,image1144.jpg,1,1
37,image35.jpg,1,1
38,image1576.jpg,1,1
39,image1326.jpg,1,1
40,image1378.jpg,1,1
41,image925.jpg,1,1
42,image117.jpg,1,1
43,image1567.jpg,1,1
44,image838.jpg,1,1
45,image997.jpg,1,1
46,image581.jpg,1,1
47,image957.jpg,1,1
48,image578.jpg,1,1
49,image1189.jpg,1,1
50,image403.jpg,1,1
51,image1201.jpg,1,1
52,image1584.jpg,1,1
53,image1406.jpg,1,1
54,image568.jpg,1,1
55,image176.jpg,1,1
56,image366.jpg,1,1
57,image603.jpg,1,1
58,image828.jpg,1,1
59,image355.jpg,1,1
60,image312.jpg,1,1
61,image401.jpg,1,1
62,image52.jpg,1,1
63,image1629.jpg,1,1
64,image1236.jpg,1,1
65,image888.jpg,1,1
66,image148.jpg,1,1
67,image1056.jpg,1,1
68,image1118.jpg,1,1
69,image831.jpg,1,1
70,image928.jpg,1,1
71,image754.jpg,1,1
72,image1250.jpg,1,1
73,image1090.jpg,1,1
74,image395.jpg,1,1
75,image497.jpg,1,1
76,image130.jpg,1,1
77,image444.jpg,1,1
78,image363.jpg,1,1
79,image604.jpg,1,1
80,image357.jpg,1,1
81,image1404.jpg,1,1
82,image574.jpg,1,1
83,image726.jpg,1,1
84,image263.jpg,1,1
85,image1060.jpg,1,0
86,image510.jpg,1,1
87,image1039.jpg,1,1
88,image1188.jpg,1,1
89,image47.jpg,1,1
90,image51.jpg,1,1
91,image1055.jpg,1,0
92,image661.jpg,1,1
93,image210.jpg,1,1
94,image127.jpg,1,1
95,image979.jpg,1,1
96,image518.jpg,1,1
97,image394.jpg,1,1
98,image962.jpg,1,1
99,image677.jpg,1,1
100,image314.jpg,1,1
101,image131.jpg,1,1
102,image1500.jpg,1,1
103,image701.jpg,1,1
104,image1416.jpg,1,1
105,image862.jpg,1,1
106,image1603.jpg,0,0
107,image1496.jpg,0,1
108,image1350.jpg,0,1
109,image803.jpg,0,0
110,image577.jpg,0,0
111,image1022.jpg,0,0
112,image1392.jpg,0,0
113,image570.jpg,0,0
114,image807.jpg,0,0
115,image1142.jpg,0,0
116,image328.jpg,0,0
117,image1542.jpg,0,1
118,image590.jpg,0,0
119,image1385.jpg,0,0
120,image898.jpg,0,0
121,image88.jpg,0,0
122,image1370.jpg,0,0
123,image18.jpg,0,0
124,image583.jpg,0,0
125,image409.jpg,0,0
126,image1510.jpg,0,0
127,image832.jpg,0,0
128,image1614.jpg,0,0
129,image1252.jpg,0,0
130,image993.jpg,0,1
131,image1002.jpg,0,0
132,image1618.jpg,0,0
133,image861.jpg,0,0
134,image1239.jpg,0,0
135,image490.jpg,0,0
136,image493.jpg,0,0
137,image818.jpg,0,0
138,image1299.jpg,0,0
139,image25.jpg,0,0
140,image907.jpg,0,0
141,image1030.jpg,0,0
142,image1319.jpg,0,0
143,image691.jpg,0,0
144,image1218.jpg,0,0
145,image356.jpg,0,0
146,image1069.jpg,0,0
147,image1519.jpg,0,0
148,image1540.jpg,0,0
149,image1087.jpg,0,0
150,image710.jpg,0,0
151,image1467.jpg,0,0
152,image1384.jpg,0,0
153,image1495.jpg,0,1
154,image1523.jpg,0,0
155,image1655.jpg,0,1
156,image7.jpg,0,0
157,image605.jpg,0,0
158,image633.jpg,0,0
159,image1092.jpg,0,0
160,image1079.jpg,0,0
161,image752.jpg,0,0
162,image460.jpg,0,0
163,image686.jpg,0,0
164,image801.jpg,0,0
165,image391.jpg,0,0
166,image627.jpg,0,0
167,image336.jpg,0,0
168,image939.jpg,0,0
169,image474.jpg,0,0
170,image1016.jpg,0,0
171,image1439.jpg,0,0
172,image1049.jpg,0,0
173,image1034.jpg,0,1
174,image1403.jpg,0,0
175,image787.jpg,0,0
176,image431.jpg,0,0
177,image996.jpg,0,0
178,image696.jpg,0,0
179,image1473.jpg,0,1
180,image1481.jpg,0,0
181,image1478.jpg,0,1
182,image177.jpg,0,0
183,image225.jpg,0,0
184,image1417.jpg,0,0
185,image1063.jpg,0,0
186,image988.jpg,0,0
187,image1595.jpg,0,1
188,image559.jpg,0,0
189,image456.jpg,0,0
190,image1258.jpg,0,0
191,image792.jpg,0,0
192,image1608.jpg,0,0
193,image1426.jpg,0,1
194,image488.jpg,0,0
195,image14.jpg,0,0
196,image515.jpg,0,0
197,image597.jpg,0,0
198,image694.jpg,0,0
199,image742.jpg,0,1
200,image1376.jpg,0,0
201,image1440.jpg,0,0
202,image987.jpg,0,0
203,image1647.jpg,0,0
204,image1329.jpg,0,0
205,image1441.jpg,0,1
206,image1436.jpg,0,0
207,image227.jpg,0,0
208,image17.jpg,0,0
209,image1175.jpg,0,0
210,image521.jpg,0,1
211,image1324.jpg,0,0
212,image1221.jpg,0,0
213,image830.jpg,0,0
214,image228.jpg,0,0
215,image388.jpg,0,0
216,image499.jpg,0,0
217,image542.jpg,0,1
218,image720.jpg,0,0
219,image1414.jpg,0,0
220,image466.jpg,0,0
221,image797.jpg,0,0
222,image1611.jpg,0,1
223,image950.jpg,0,0
224,image555.jpg,0,0
225,image1625.jpg,0,0
226,image796.jpg,0,1
227,image1594.jpg,0,1
228,image162.jpg,0,0
229,image1168.jpg,0,0
230,image422.jpg,0,1
231,image815.jpg,0,0
232,image452.jpg,0,0
233,image924.jpg,0,0
234,image475.jpg,0,0
235,image463.jpg,0,0
236,image269.jpg,0,0
237,image209.jpg,0,0
238,image1503.jpg,0,0
239,image369.jpg,0,0
240,image1632.jpg,0,1
241,image377.jpg,0,0
242,image669.jpg,0,0
243,image1375.jpg,0,1
244,image1296.jpg,0,0
245,image1600.jpg,0,0
246,image461.jpg,0,0
247,image700.jpg,0,0
248,image1354.jpg,0,0
249,image333.jpg,0,0
250,image368.jpg,0,0
251,image113.jpg,0,0
252,image90.jpg,0,0
253,image1093.jpg,0,1
254,image12.jpg,0,0
255,image965.jpg,0,0
256,image398.jpg,0,0
257,image1078.jpg,0,1
258,image588.jpg,0,0
259,image146.jpg,0,0
260,image851.jpg,0,0
261,image1489.jpg,0,0
262,image1110.jpg,0,0
263,image325.jpg,0,0
264,image1047.jpg,0,0
265,image254.jpg,0,0
266,image467.jpg,0,0
267,image556.jpg,0,0
268,image1185.jpg,0,1
269,image1085.jpg,0,0
270,image805.jpg,0,0
271,image1086.jpg,0,1
272,image1619.jpg,0,0
273,image641.jpg,0,0
274,image905.jpg,0,0
275,image1182.jpg,0,0
276,image653.jpg,0,0
277,image482.jpg,0,0
278,image1362.jpg,0,0
279,image1106.jpg,0,0
280,image1598.jpg,0,0
281,image487.jpg,0,1
282,image1395.jpg,0,0
283,image1377.jpg,0,0
284,image4.jpg,0,0
285,image359.jpg,0,0
286,image788.jpg,0,0
287,image1247.jpg,0,0
288,image786.jpg,0,0
289,image1311.jpg,0,0
290,image1176.jpg,0,0
291,image1560.jpg,0,1
292,image538.jpg,0,1
293,image265.jpg,0,0
294,image407.jpg,0,0
295,image1028.jpg,0,0
296,image1459.jpg,0,0
297,image1448.jpg,0,0
298,image1609.jpg,0,1
299,image469.jpg,0,1
300,image1270.jpg,0,0
301,image33.jpg,0,1
302,image1262.jpg,0,1
303,image1352.jpg,0,1
304,image300.jpg,0,1
305,image728.jpg,0,0
306,image1498.jpg,0,0
307,image1320.jpg,0,0
308,image1150.jpg,0,1
309,image765.jpg,0,0
